image_name,latency_ms
frame_000000.jpg,4083.533
frame_000001.jpg,3526.772
frame_000002.jpg,3478.584
frame_000003.jpg,3683.363
frame_000004.jpg,3428.454
frame_000005.jpg,3551.269
frame_000006.jpg,3481.026
frame_000007.jpg,3434.513
frame_000008.jpg,3539.835
frame_000009.jpg,3415.635
frame_000010.jpg,3518.453
frame_000011.jpg,3460.245
frame_000012.jpg,3432.125
frame_000013.jpg,3459.113
frame_000014.jpg,3448.204
frame_000015.jpg,3816.466
frame_000016.jpg,3670.883
frame_000017.jpg,3645.301
frame_000018.jpg,3624.570
frame_000019.jpg,3701.065
frame_000020.jpg,4031.615
frame_000021.jpg,4081.646
frame_000022.jpg,4464.574
frame_000023.jpg,4084.100
frame_000024.jpg,4094.783
frame_000025.jpg,3803.158
frame_000026.jpg,3554.987
frame_000027.jpg,3928.698
frame_000028.jpg,3714.104
frame_000029.jpg,4309.073
frame_000030.jpg,3880.150
frame_000031.jpg,3614.556
frame_000032.jpg,3611.491
frame_000033.jpg,3506.518
frame_000034.jpg,3551.870
frame_000035.jpg,3550.713
frame_000036.jpg,3519.598
frame_000037.jpg,3572.596
frame_000038.jpg,3561.201
frame_000039.jpg,3572.599
frame_000040.jpg,3536.686
frame_000041.jpg,3511.970
frame_000042.jpg,3543.542
frame_000043.jpg,3554.600
frame_000044.jpg,3507.077
frame_000045.jpg,3614.872
frame_000046.jpg,3570.563
frame_000047.jpg,3519.589
frame_000048.jpg,3561.046
frame_000049.jpg,3519.903
frame_000050.jpg,3530.272
frame_000051.jpg,3603.298
frame_000052.jpg,3533.488
frame_000053.jpg,3543.280
frame_000054.jpg,3586.772
frame_000055.jpg,3532.190
frame_000056.jpg,3552.104
frame_000057.jpg,3538.446
frame_000058.jpg,3594.476
frame_000059.jpg,3556.510
frame_000060.jpg,3576.345
frame_000061.jpg,3538.961
frame_000062.jpg,3606.408
frame_000063.jpg,3567.420
frame_000064.jpg,3413.112
frame_000065.jpg,3439.581
frame_000066.jpg,3382.005
frame_000067.jpg,3417.258
frame_000068.jpg,3419.126
frame_000069.jpg,3384.671
frame_000070.jpg,3870.772
frame_000071.jpg,3914.524
frame_000072.jpg,4060.853
frame_000073.jpg,3681.235
frame_000074.jpg,3985.745
frame_000075.jpg,3936.127
frame_000076.jpg,3650.751
frame_000077.jpg,3584.567
frame_000078.jpg,3654.072
frame_000079.jpg,3571.269
frame_000080.jpg,3575.638
frame_000081.jpg,3608.677
frame_000082.jpg,3576.154
frame_000083.jpg,3538.834
frame_000084.jpg,3549.902
frame_000085.jpg,3660.477
frame_000086.jpg,3580.464
frame_000087.jpg,3764.642
frame_000088.jpg,3579.995
frame_000089.jpg,3561.518
frame_000090.jpg,3569.810
frame_000091.jpg,3574.701
frame_000092.jpg,3575.317
frame_000093.jpg,3706.666
frame_000094.jpg,4057.704
frame_000095.jpg,3683.100
frame_000096.jpg,3848.202
frame_000097.jpg,4605.720
frame_000098.jpg,3743.120
frame_000099.jpg,3580.501
frame_000100.jpg,3549.517
frame_000101.jpg,3543.791
frame_000102.jpg,3542.984
frame_000103.jpg,3733.925
frame_000104.jpg,3541.087
frame_000105.jpg,3474.315
frame_000106.jpg,3539.205
frame_000107.jpg,3506.048
frame_000108.jpg,3496.027
frame_000109.jpg,3495.751
frame_000110.jpg,3516.897
frame_000111.jpg,3528.730
frame_000112.jpg,3721.206
frame_000113.jpg,3564.749
frame_000114.jpg,3521.161
frame_000115.jpg,3519.679
frame_000116.jpg,3495.624
frame_000117.jpg,3511.096
frame_000118.jpg,3498.852
frame_000119.jpg,3531.706
frame_000120.jpg,3544.348
frame_000121.jpg,3520.144
frame_000122.jpg,3549.603
frame_000123.jpg,3503.212
frame_000124.jpg,3528.093
frame_000125.jpg,3495.317
frame_000126.jpg,3517.215
frame_000127.jpg,3513.257
frame_000128.jpg,3491.791
frame_000129.jpg,3507.994
frame_000130.jpg,3485.391
frame_000131.jpg,3560.296
frame_000132.jpg,3502.566
frame_000133.jpg,3461.884
frame_000134.jpg,3511.703
frame_000135.jpg,3491.443
frame_000136.jpg,3458.915
frame_000137.jpg,3545.688
frame_000138.jpg,3493.477
frame_000139.jpg,3507.893
frame_000140.jpg,3522.600
frame_000141.jpg,3481.834
frame_000142.jpg,3498.963
frame_000143.jpg,3555.442
frame_000144.jpg,3476.493
frame_000145.jpg,3514.541
frame_000146.jpg,3531.363
frame_000147.jpg,3500.698
frame_000148.jpg,3486.763
frame_000149.jpg,3493.136
frame_000150.jpg,3500.376
frame_000151.jpg,3600.435
frame_000152.jpg,3717.627
frame_000153.jpg,3644.357
frame_000154.jpg,3834.945
frame_000155.jpg,3539.115
frame_000156.jpg,3761.728
frame_000157.jpg,4174.640
frame_000158.jpg,4106.246
frame_000159.jpg,4028.128
frame_000160.jpg,3892.432
frame_000161.jpg,3974.720
frame_000162.jpg,4087.565
frame_000163.jpg,4321.091
frame_000164.jpg,3791.340
frame_000165.jpg,3589.530
frame_000166.jpg,3684.870
frame_000167.jpg,3524.196
frame_000168.jpg,3526.952
frame_000169.jpg,3644.369
frame_000170.jpg,3653.516
frame_000171.jpg,3561.145
frame_000172.jpg,3538.596
frame_000173.jpg,3513.367
frame_000174.jpg,3972.422
frame_000175.jpg,3610.188
frame_000176.jpg,3507.000
frame_000177.jpg,3471.412
frame_000178.jpg,3540.370
frame_000179.jpg,3498.232
frame_000180.jpg,3513.343
frame_000181.jpg,3556.126
frame_000182.jpg,3509.410
frame_000183.jpg,3512.100
frame_000184.jpg,3580.718
frame_000185.jpg,3452.368
frame_000186.jpg,3521.936
frame_000187.jpg,3540.991
frame_000188.jpg,3489.333
frame_000189.jpg,3530.490
frame_000190.jpg,3555.244
frame_000191.jpg,3507.273
frame_000192.jpg,3544.615
frame_000193.jpg,3493.652
frame_000194.jpg,3500.771
frame_000195.jpg,3528.374
frame_000196.jpg,3501.363
frame_000197.jpg,3519.585
frame_000198.jpg,3524.550
frame_000199.jpg,3478.348
frame_000200.jpg,3494.035
frame_000201.jpg,3500.251
frame_000202.jpg,3491.246
frame_000203.jpg,3498.085
frame_000204.jpg,3472.993
frame_000205.jpg,3458.369
frame_000206.jpg,3516.787
frame_000207.jpg,3501.717
frame_000208.jpg,3503.484
frame_000209.jpg,3644.231
frame_000210.jpg,3491.065
frame_000211.jpg,3642.794
frame_000212.jpg,3668.014
frame_000213.jpg,3580.248
frame_000214.jpg,3667.568
frame_000215.jpg,3685.370
frame_000216.jpg,3510.344
frame_000217.jpg,3485.269
frame_000218.jpg,3920.215
frame_000219.jpg,3823.485
frame_000220.jpg,3746.968
frame_000221.jpg,3428.104
frame_000222.jpg,3415.463
frame_000223.jpg,3453.370
frame_000224.jpg,3445.724
frame_000225.jpg,3405.908
frame_000226.jpg,3471.973
frame_000227.jpg,3438.089
frame_000228.jpg,3425.862
frame_000229.jpg,3456.510
frame_000230.jpg,3401.228
frame_000231.jpg,3462.545
frame_000232.jpg,3463.586
frame_000233.jpg,3423.369
frame_000234.jpg,3442.156
frame_000235.jpg,3422.693
frame_000236.jpg,3414.133
frame_000237.jpg,3421.222
frame_000238.jpg,3408.411
frame_000239.jpg,3398.335
frame_000240.jpg,3460.437
frame_000241.jpg,3441.988
frame_000242.jpg,3414.698
frame_000243.jpg,3428.199
frame_000244.jpg,3446.651
frame_000245.jpg,3466.319
frame_000246.jpg,3473.553
frame_000247.jpg,3418.901
frame_000248.jpg,3387.013
frame_000249.jpg,3455.715
frame_000250.jpg,3433.264
frame_000251.jpg,3406.260
frame_000252.jpg,3448.585
frame_000253.jpg,3487.771
frame_000254.jpg,3476.397
frame_000255.jpg,3598.198
frame_000256.jpg,4162.792
frame_000257.jpg,4225.024
frame_000258.jpg,3488.407
frame_000259.jpg,3456.056
frame_000260.jpg,3449.281
frame_000261.jpg,3546.696
frame_000262.jpg,3452.272
frame_000263.jpg,3555.837
frame_000264.jpg,3411.912
frame_000265.jpg,3400.587
frame_000266.jpg,3481.998
frame_000267.jpg,3404.076
frame_000268.jpg,3442.776
frame_000269.jpg,3437.169
frame_000270.jpg,3416.712
frame_000271.jpg,3440.109
frame_000272.jpg,3494.586
frame_000273.jpg,3448.365
frame_000274.jpg,3425.205
frame_000275.jpg,3434.986
frame_000276.jpg,3404.140
frame_000277.jpg,3487.849
frame_000278.jpg,3454.278
frame_000279.jpg,3430.039
frame_000280.jpg,3413.545
frame_000281.jpg,3419.957
frame_000282.jpg,3434.632
frame_000283.jpg,3427.216
frame_000284.jpg,3431.631
frame_000285.jpg,3412.812
frame_000286.jpg,3422.513
frame_000287.jpg,3425.385
frame_000288.jpg,3399.348
frame_000289.jpg,3450.179
frame_000290.jpg,3459.271
frame_000291.jpg,4154.526
frame_000292.jpg,3704.808
frame_000293.jpg,3712.163
frame_000294.jpg,3538.585
frame_000295.jpg,3477.059
frame_000296.jpg,3417.152
frame_000297.jpg,3413.251
frame_000298.jpg,3430.202
frame_000299.jpg,3447.060
frame_000300.jpg,3470.279
frame_000301.jpg,3412.854
frame_000302.jpg,3425.948
frame_000303.jpg,3448.758
frame_000304.jpg,3440.649
frame_000305.jpg,3398.554
frame_000306.jpg,3437.476
frame_000307.jpg,3413.442
frame_000308.jpg,3389.235
frame_000309.jpg,3432.262
frame_000310.jpg,3414.121
frame_000311.jpg,3422.916
frame_000312.jpg,3458.426
frame_000313.jpg,3473.278
frame_000314.jpg,3465.577
frame_000315.jpg,3548.161
frame_000316.jpg,3404.845
frame_000317.jpg,3446.913
frame_000318.jpg,3491.907
frame_000319.jpg,3408.138
frame_000320.jpg,3479.833
frame_000321.jpg,3487.524
frame_000322.jpg,3446.034
frame_000323.jpg,3494.013
frame_000324.jpg,3432.509
frame_000325.jpg,3430.442
frame_000326.jpg,3635.612
frame_000327.jpg,3517.249
frame_000328.jpg,3430.356
frame_000329.jpg,3442.772
frame_000330.jpg,3478.525
frame_000331.jpg,3453.025
frame_000332.jpg,3459.958
frame_000333.jpg,3455.102
frame_000334.jpg,3418.392
frame_000335.jpg,3459.816
frame_000336.jpg,3417.798
frame_000337.jpg,3437.645
frame_000338.jpg,3455.163
frame_000339.jpg,3437.247
frame_000340.jpg,3491.697
frame_000341.jpg,3507.726
frame_000342.jpg,4002.366
frame_000343.jpg,3942.693
frame_000344.jpg,3456.586
frame_000345.jpg,3461.567
frame_000346.jpg,3449.085
frame_000347.jpg,3477.607
frame_000348.jpg,3424.368
frame_000349.jpg,3442.448
frame_000350.jpg,3453.401
frame_000351.jpg,3410.300
frame_000352.jpg,3436.985
frame_000353.jpg,3418.671
frame_000354.jpg,3417.245
frame_000355.jpg,3443.839
frame_000356.jpg,3398.636
frame_000357.jpg,3396.219
